<settings xmlns="http://maven.apache.org/SETTINGS/1.0.0"
          xmlns:xsi="http://www.w3.org/2001/XMLSchema-instance"
          xsi:schemaLocation="http://maven.apache.org/SETTINGS/1.0.0 http://maven.apache.org/xsd/settings-1.0.0.xsd">
    <servers>
        <server>
            <id>nexus</id>
            <username>bitbucket</username>
            <password>5j1GuJyP1IB3bxG</password>
        </server>
        <server>
            <id>nexus-release</id>
            <username>bitbucket</username>
            <password>5j1GuJyP1IB3bxG</password>
        </server>

        <server>
            <id>nexus-snapshot</id>
            <username>bitbucket</username>
            <password>5j1GuJyP1IB3bxG</password>
        </server>
    </servers>
    <mirrors>
        <mirror>
            <id>nexus</id>
            <mirrorOf>*</mirrorOf>
            <url>https://nexus.atomsail.com/content/groups/public</url>
        </mirror>
        <mirror>
            <id>nexus-release</id>
            <mirrorOf>*</mirrorOf>
            <url>https://nexus.atomsail.com/content/groups/public</url>
        </mirror>
        <mirror>
            <id>nexus-snapshot</id>
            <mirrorOf>*</mirrorOf>
            <url>https://nexus.atomsail.com/content/groups/public</url>
        </mirror>
    </mirrors>
    <pluginGroups>
        <pluginGroup>com.atlassian.maven.plugins</pluginGroup>
    </pluginGroups>
</settings>